Topic,Count,Name,Representation,Representative_Docs
-1,2498,we_jaar_mensen_wel,"['we', 'jaar', 'mensen', 'wel', 'intelligentie', 'zegt', 'kunstmatige', 'nieuwe', 'gaat', 'waar']","['kunstmatige intelligentie best bedreigend kunstmatige intelligentie nuttig tijdgeest mei valt bezien broodroosters magnetron makkelijk hand houdt betreft eng vind werkgevers gebruikt gaat banen échte ', 'mensen stuk efficiënter kunstmatige intelligentie wereld raakte afgelopen jaar ban kunstmatige intelligentie kortweg ai zolang alleen kijkt scherm gebeurt snapt ilyaz nasrullah informaticus digitaal s', 'kunstmatige intelligentie baat diversiteit neuraal netwerk natuur komt kracht diversiteit menselijk brein ecosysteem waarom kunstmatige intelligenties relatief eenvormig vraag ging team north carolina']"
0,432,robot_men_mensen_we,"['robot', 'men', 'mensen', 'we', 'machine', 'intelligentie', 'kunstmatige', 'banen', 'werk', 'gaan']","['tekenfilm maken gaat ai stuk sneller animatiefilms maken peter pan pinocchio tijdrovend duur eerste animatiefilm walt disney sneeuwwitje zeven dwergen jaren getekend computer uiteraard wel tekenaars f', 'hoezo brein techniek kunstmatige intelligentie boot vijf inzittenden drijft richting vijand ontsnappen onmogelijk inzittenden plan mezelf vernietigen daarmee vijand zegt personage droid oftewel robot ', 'slimme kinderen denken slimme robot robot gemaakt vriend alleen leren zegt meisje jaar enschede weten anderen gelukkig maak verdriet leren aanpassen alleen robotvriend leer bovenstaande uitspraak komt']"
1,147,patiënten_patiënt_zorg_artsen,"['patiënten', 'patiënt', 'zorg', 'artsen', 'medische', 'philip', 'ziekenhuis', 'art', 'ziekenhuizen', 'zegt']","['kunstmatige intelligentie verslaat artsen opsporen borstkanker prognose zeven vrouwen nederland krijgt borstkanker eerder tumor ontdekt beter prognose daarom krijgen jaarlijks miljoen vrouwen vijftig ', 'app even kijken huid liever dokter diagnose neem app waarmee onregelmatigheden huid kunt controleren zet app telefoon maakt foto verdachte plekje moedervlek weten zorgen maken producent app aanprijst ', 'app even kijken huid liever dokter diagnose neem app waarmee onregelmatigheden huid kunt controleren zet app telefoon maakt foto verdachte plekje moedervlek weten zorgen maken producent app aanprijst ']"
2,136,auto_rijden_zelfrijdende_tesla,"['auto', 'rijden', 'zelfrijdende', 'tesla', 'elektrische', 'bestuurder', 'bmw', 'kilometer', 'stuur', 'mercedes']","['robot betere kunstmatige intelligentie zelfrijdende auto baant weg straten los angeles boekt rit via speciale app belandt bijrijdersstoel stuur naast beweegt alsof rijden stoel leeg auto rijdt zichzel', 'futuristisch rijden eerste zelfrijdende taxi beloofde elon musk alleen taxi dacht onderzoeksafdeling financiële nieuwssite business insider bi intelligence tijd decennium voorbij miljoen zelfrijdende ', 'bezit eigen auto binnenkort overbodig manier waarop we toekomst gaan verplaatsen kwestie volop leeft vandaag presenteert financiële dienstverlener kpmg onderzoek toekomst zelfrijdende auto nederland r']"
3,123,beleggers_rente_inflatie_aex,"['beleggers', 'rente', 'inflatie', 'aex', 'aandelen', 'amerikaanse', 'aandeel', 'centrale', 'lager', 'beurs']","['oorlogen trage economische groei laten beleggers koud flinke koersstijgingen sind financiële crisis eigenlijk vrijwel continu feest aandelenbeurzen sloot graadmeter gang zaken amsterdamse beurs drie k', 'aex punten mijlpaal dankzij centrale banken chiprally mijlpaal dankzij centrale banken chiprally johan wiering amsterdam geholpen koerssprong asml sloot aex woensdag eerst twee jaar boven punten amper', 'beurs opgaan record handvatten expert vrees aandelen weg nemen handvatten expert vrees aandelen weg nemen regent record aandelenmarkten aangevuurd spectaculaire koersstijgingen techbedrijven spaarders']"
4,122,chatgpt_chatbot_chatbots_openai,"['chatgpt', 'chatbot', 'chatbots', 'openai', 'google', 'bing', 'teksten', 'bot', 'antwoord', 'antwoorden']","['kunstmatige intelligentie allemaal waard welkom essay chatbot chatgpt gebruikt letterlijk figuurlijk afgeschermd enorme klimaatafdruk software gebruiker opent app begint typen scherm waar verder alle ', 'chatgpt slim alleen begrijpt eigen antwoorden kunstmatige intelligentie pim haselager hoogleraar kunstmatige intelligentie radboud universiteit nijmegen wel vinden term kunstmatige intelligentie windo', 'leer iedereen chatgpt instrueren zoals we leren lezen schrijven kunstmatige intelligentie afgelopen maanden ging medium vaak chatgpt kunstmatige intelligentie ai aangedreven chatbot binnen mum tijd me']"
5,110,europese_europa_eu_brussel,"['europese', 'europa', 'eu', 'brussel', 'commissie', 'china', 'lidstaten', 'duitsland', 'macron', 'landen']","['spanje zet europese turbo vier jaar vier hele jaren duurt gemiddeld wetsvoorstel europese commissie bedacht lidstaten ingevoerd eeuwigheid zó lang lidstaten vaak vergeten ooit mee instemden verontwaar', 'nederland schiet zichzelf voet rob wijk nederland europese unie lastigste jongetjes klas getuigt angst kiezer gebrekkig strategisch denken vorig jaar blokkeerde nederland saman denemarken frankrijk st', 'nieuwe nokia staat europa achter china v europa bak landen verenigde staten china economisch beetje bijbenen economische groei innovatie nodig regels daarvoor versnipperd stelt topambtenaar maarten ca']"
6,106,mln_bedrijven_investeerders_jaar,"['mln', 'bedrijven', 'investeerders', 'jaar', 'bedrijf', 'geld', 'fonds', 'investeringen', 'mrd', 'nederland']","['hou gewilde ingenieurs vast groei wel dacht oprichter thijs manders jaar geleden bedrijf tmc gespecialiseerd technologieconsultancy detachering hoogopgeleide ingenieurs vooral brainport eindhoven leek', 'belegger verdient data tech ruimte fonds beeld fonds beeld theo besteman amsterdam corona pijnigt economie lockdown lieten aandelen thuisbezorgers videostreamdiensten stijgen beleggingsfondsen bouwen ', 'broedplaats nestelt abn gabi ouwerkerk amsterdam abn amro gaat komende drie maanden tien beginnende fintech bedrijven begeleiden bank hiervoor samenwerkingsverband aangegaan amerikaanse investeringspl']"
7,92,film_the_sciencefiction_depp,"['film', 'the', 'sciencefiction', 'depp', 'regisseur', 'uur', 'genre', 'alien', 'machina', 'westworld']","['verbluffend knap sciencefictionspektakel kunstmatige intelligentie regie gareth edward john david washington madeleine yuna voyles gemma chan laten we hopen film ai geschreven the creator absoluut bes', 'robotrevolutie begrijpelijk daarmee gewoontjes serie westworld keer simpeler haast plechtige belofte maker nadat tweede seizoen nogal wisselend ontvangen eerste seizoen amusementspark westworld waarin', 'griezelige journalist liefde verklaarde kent hal ai opdringerig leven wringt goed even herinnering roepen zoals we leerden kennen stanley kubrick sciencefictionfilm a space odyssey daarin hal ai opere']"
8,84,dieren_natuur_we_soorten,"['dieren', 'natuur', 'we', 'soorten', 'bomen', 'dier', 'planten', 'geluiden', 'biodiversiteit', 'haven']","['kunstmatige intelligentie gaat dieren luisteren dierenwereld volop geluid gemaakt zangvogels zingen indruk maken geslacht vleermuizen gebruiken ultrasone gepiep oriënteren tijdens vliegen hyena tijden', 'denkt men boven dier staan dier nieuwe geschiedenis men melanie challenger vert huub stegeman ten have blz engelse melanie challenger kunstenaar schrijver filosoof schreef dichtbundel zette fragmenten', 'leer natuur lezen app telefoon lente aanbreekt valt natuur opeens tulpen buren kwetterende zangvogels binnenplaats heten vogeltjes eigenlijk mooie bloesemboom straathoek bloei staat leven som frustrer']"
9,82,ai_intelligentie_computer_kunstmatige,"['ai', 'intelligentie', 'computer', 'kunstmatige', 'men', 'machine', 'mensen', 'we', 'google', 'menselijke']","['nee kunstmatige intelligentie gaat uitroeien welkom serie kunstmatige intelligentie mensheid gaat uitroeien kort idee alleen serieus genomen zolderkamergeleerden schreef roko gebruiker rationaliteit t', 'kunstmatige intelligentie begint gevaarlijk aldus expert brandbrief moment tijdelijk stoppen ontwikkeling kunstmatige intelligentie ai aangebroken schrijven honderden deskundigen gebied kunstmatige in', 'kunstmatige intelligentie stuit filosofische grenzen guido knaap boom blz guido knaap studeerde wijsbegeerte logica politicologie universiteit amsterdam waar kunstmatige intelligentie doceerde knaaps ']"
10,70,democratie_we_politieke_partij,"['democratie', 'we', 'politieke', 'partij', 'politiek', 'mensen', 'partijen', 'samenleving', 'onze', 'kamer']","['korea viert democratie top knevelt pers middenin coronatijd december sprak amerikaanse president joe biden via beeldschermen leiders alle landen v democratisch genoeg vonden deel nemen nieuw paradepaa', 'imran khan wint kiezers vieren feest zondagmiddag officieel onafhankelijke kandidaten pti partij pakistaanse imran khan verkiezingen pakistan gewonnen behaalden gezamenlijk bijna zetels partij nawaz s', 'opa macht vervreemdt jongeren politiek stop onmiddellijk betitelen extreemrechtse politici populisten luidt oproep the conversation aurelien mondon politicoloog alex yates linguïst betiteling volgens ']"
11,68,china_chinese_xi_trump,"['china', 'chinese', 'xi', 'trump', 'amerikaanse', 'landen', 'beijing', 'taiwan', 'land', 'economische']","['taiwanese president adviseert v china officiële bevestiging dinsdag eigenlijk verrassing taiwanese president tsai tijdens bezoek los angeles spreken kevin mccarthy voorzitter amerikaanse huis afgevaar', 'china rusland roepen saman stop uitbreiding navo china rusland gezamenlijke verklaring uitgesproken uitbreiding navo russische president vladimir poetin gisteren peking openingsceremonie olympische sp', 'china boeit biden rusland column terwijl amerikaanse minister buitenlandse zaken blinken scherpste randjes relatie china trachtte halen presenteerde brussel contouren plan europa minder kwetsbaar land']"
12,67,brein_hersenen_neuralink_musk,"['brein', 'hersenen', 'neuralink', 'musk', 'chip', 'computer', 'gedachten', 'we', 'proefpersonen', 'neuronen']","['brein computer versmelten interview brein vermogen watt auto besturen eigenlijk we willen weten zegt bert vries hoogleraar electrical engineering tu eindhoven antwoord vraag zoekt vries saman collega ', 'brein neemt jou woorden mond hersenwetenschap brein neemt jou woorden mond terwijl adem langs jouw stembanden komen voorspellen hersenen gaat komen welke klank welke woorden vervolg jouw zin brein wac', 'brein neemt jou woorden mond hersenwetenschap brein neemt jou woorden mond terwijl adem langs jouw stembanden komen voorspellen hersenen gaat komen welke klank welke woorden vervolg jouw zin brein wac']"
13,67,roman_boek_frankenstein_verhaal,"['roman', 'boek', 'frankenstein', 'verhaal', 'mary', 'shelley', 'leven', 'jezus', 'beslisser', 'fictie']","['keuze berthold mari spaans labatut maniac meridiaan levensverhaal john von neumann geniale wiskundige meewerkte ontwikkelen atoombom eerste computer eerste pogingen kunstmatige intelligentie man daarb', 'innerlijke noodzaak laatst hoorde schrijver oek jong geïnterviewd gijs groenteman jong sprak manier waarop literair auteur overgeleverd dwingende ideeën invallen bestoken vanuit onderbewuste verzet aa', 'praten boven via chatbox jesuspt eerst jezus ten hemel gevaren kwam heilige geest ervoor terug zover bijbelse verhaal contact wilde treden volgens christelijke traditie sindsdien direct via jezus moed']"
14,65,spel_game_schaken_computer,"['spel', 'game', 'schaken', 'computer', 'go', 'spelers', 'spelen', 'speler', 'spellen', 'alphago']","['computerbrein eenzame hoogte sensatie begin veroverde computer laatste bastion denksport eeuwenoude go eenvoud complex spel computer hoog gegrepen leek alphago computerprogramma deepmind maakte kneepj', 'computer bluft uitstekend pokeren computer echt slimmer men schaken dammen go computerprogramma poker gewonnen beste menselijke spelers progamma libratus gebouwd carnegie mellon university verdiende m', 'strijdt computer lee ziet taak bordspel mooiere manier lee wereldkampioen bordspel go speelt vandaag seoul eerste wedstrijd vijf computer alphago machine bordspel hoog niveau spelen ontwikkeld google ']"
15,64,fonds_geld_kabinet_economische,"['fonds', 'geld', 'kabinet', 'economische', 'hoekstra', 'euro', 'wiebes', 'economie', 'groeifonds', 'crisis']","['geld gaat vooral openbaar vervoer nationaal groeifonds kabinet gaat amsterdam schiphol doortrekken miljard euro nationaal groeifonds wel genoemd jaar tien projecten aangewezen saman miljard euro krijg', 'economen zien fonds wel zitten economische tegenspoed lijkt land sprake betekent vooruitzichten rooskleurig internationale politieke onzekerheden zorgen twijfels economische groei lange termijn dalend', 'wopkewiebesfonds nergens nodig noden hoog ongelijkheid kansen neemt toe eerste gelekte nieuws fonds loog zomer kabinet plannen miljardeninjectie economie via investeringsfonds wel miljard goed gratis ']"
16,63,banen_ai_werknemers_arbeidsmarkt,"['banen', 'ai', 'werknemers', 'arbeidsmarkt', 'werk', 'wework', 'mensen', 'nieuwe', 'bedrijven', 'gaan']","['diploma tijd leven lang leren lll noodzakelijk wereld waarin grote veranderingen gaande aanstaande baan werkgever leven vrijwel bestaat steed werkenden kiezen ondernemerschap ontwikkelingen big data k', 'steed minder japanners probleem record land wilde breken premier fumio kishida kondigde eerder investeren opkrikken geboortecijfer nieuwe visumregelingen voeren buitenlandse werknemers trekken gebruik', 'technologie kost miljoenen banen world economic forum vroeg personeelsmanagers visie arbeidsmarkt komende vijf jaar vraag kind later kleintjes basisschool gaan komt twee derde banen terecht helemaal b']"
17,62,valley_silicon_san_francisco,"['valley', 'silicon', 'san', 'francisco', 'stanford', 'bedrijven', 'facebook', 'waar', 'bedrijf', 'techbedrijven']","['san francisco weer techmagneet dankzij ai golf ontslagen nieuw enthousiasme kunstmatige intelligentie golf ontslagen nieuw enthousiasme kunstmatige intelligentie silicon valley techie san francisco dr', 'silicon valley shopt weer nederland hippo sluit amerikaanse belofte rob goossens amsterdam victoria s secret nationale politie bayern münchen klant bedrijf gaat hippo rest wereld veroveren bedrijf ove', 'silicon valley mannenprobleem machobolwerkpest vrouwen hoofdkantoor uploadvr bedrijf san francisco gespecialiseerd virtual reality bestaat kamer bed waar mannelijke werknemers seks tijdens pauzes room']"
18,58,microsoft_openai_nadella_alphabet,"['microsoft', 'openai', 'nadella', 'alphabet', 'mrd', 'apple', 'dollar', 'bedrijf', 'miljard', 'google']","['microsoft haalt apple werelds waardevolste beursbedrijf microsoft neemt eerste plaats lijst waardevolle beursgenoteerde bedrijven eerst donderdag even geval gebeurde beide keren nam apple eerste plaat', 'slimme bril microsoft wijst militairen weg microsoft gaat amerikaanse leger slimme brillen leveren militairen tijdens missie helpen weg vinden afstand kameraad vijand meten nachts volgens amerikaanse ', 'microsoft steekt miljarden bedrijf chatgpt data softwareconcern microsoft investeert komende jaren miljard dollar bedrijf achter spraakmakende programma chatgpt openai geld technische mogelijkheden mi']"
19,56,we_valk_wel_jaar,"['we', 'valk', 'wel', 'jaar', 'maria', 'familie', 'heel', 'goed', 'dhl', 'nederland']","['toptransfer verzekeringswereld smeuïge transfer verzekeringswereld topman lard friese verzekeraar nn group stapt concurrent aegon friese gaat precies rol vervullen sind gedurende periode functie buite', 'tip matthijs dicke laatste havenbaron jacques schoufour maatschappelijk betrokken ondernemer rotterdam boom blz jacques schoufour hekel titel kleefde oorlog sfeer ruggen havenarbeiders verrijkende gro', 'nokiaatje helpt ontstressen levenslessen vinod subramaniam kijk verder eigen kring achttiende vanuit new delhi v vertrok studeren nam saman klitten soortgenoten neiging wel natuurlijk lekker veilige b']"
20,56,asml_chip_kwartaal_omzet,"['asml', 'chip', 'kwartaal', 'omzet', 'wennink', 'mrd', 'tsmc', 'vraag', 'machine', 'bedrijf']","['chipmachinemaker asml overtreft eigen verwachting chipmachinemaker asml derde kwartaal omzet winst verder verhoogd technologiebedrijven blijven tijdens coronacrisis goed mede dankzij toegenomen thuisw', 'supermachines asml veroveren mondiale chipmarkt paradepaardje asml supermachine waarmee bedrijven chip maken kost miljoen euro vijf vrachtvliegtuigen nodig vervoeren kwartaal liefst besteld asml goed ', 'coronacrisis chipfabrikant asml nadelen even denkt vraag even antwoord peter wennink bestuursvoorzitter asml achteraf gezien we nadelen coronacrisis gehad zegt vanuit hoofdkantoor chipmachinefabrikant']"
21,54,china_chinese_overheid_bedrijven,"['china', 'chinese', 'overheid', 'bedrijven', 'chinezen', 'peking', 'amerikaanse', 'tiktok', 'data', 'huawei']","['china komt strenge wetgeving deepfakes reguleren z jaar geleden verspreidde afbeelding razendsnel china chinese president xi jinping wereldberoemde gele beer winnie poeh volgens sommigen verrassend le', 'bbc ontdekt meerdere chinese spionageballonnen boven aziatische landen alleen boven amerikaanse luchtruim vloog spionageballon februari betrekkingen tussen verenigde staten china dieptepunt bracht bov', 'v china digitale oorlog rob wijk vierde industriële revolutie voordat goed wel start gegaan inmiddels digitale koude oorlog geleid tussen verenigde staten china handelsoorlog trump aanval huawei belan']"
22,53,muziek_piano_universal_artiesten,"['muziek', 'piano', 'universal', 'artiesten', 'tiktok', 'liedje', 'beethoven', 'nummer', 'spotify', 'stem']","['iedereen hit schrijven dankzij ai b illlboard invloedrijke amerikaanse muziekweekblad gaf onlangs podium startup kunstmatige intelligentie ai gebaseerde software ontwikkelen waarmee computer commando ', 'beethoven tiende eindelijk ludwig beethoven stierf kort première symfonie nr impact meesterwerk groot decennium nauwelijks nieuwe symfonieën verschenen tiende durfde bijna grote componist echter tiend', 'gewoon nieuwe vorm expressie auteursrecht onlangs ging sociale medium nummer heart on my sleeve viraal kunstmatige intelligentie gegenereerd liedje waarin stemmen drake the weeknd nagebootst snel numm']"
23,51,ai_nederland_intelligentie_bedrijven,"['ai', 'nederland', 'intelligentie', 'bedrijven', 'europa', 'investeren', 'kunstmatige', 'universiteiten', 'rijke', 'kabinet']","['europa framing franse president macron sterk geeft interview opkomst robotica kunstmatige intelligentie framet standpunt kunstmatige intelligentie zegt macron helaas banen vernietigen gelukkig nieuwe ', 'miljarden investeren ai industriekoepel fme start platform kunstmatige intelligentie wouter bergen amsterdam nederland miljarden moeten investeren koploperspositie innemen gebied kunstmatige intellige', 'plusone nieuwe eigen bodem techinvesteerder prosus markt eigen software techinvesteerder prosus markt eigen software vian schouten amsterdam chatbots chatgpt bard grote concurrent heet plusone vooral ']"
24,49,medium_nepnieuws_verkiezingen_desinformatie,"['medium', 'nepnieuws', 'verkiezingen', 'desinformatie', 'empathie', 'trump', 'sociale', 'facebook', 'hamas', 'deepfakes']","['president biden risico ai beteugelen presidentsverkiezingen verschiet zorg nepinformatie verenigde staten hoogst actueel vaak kunstmatige intelligentie gebruikt mensen bedriegen zei president joe bide', 'typ palestinian ai toont vuurwapens terwijl bommen raketten regent palestijnen gaza kwam absurde kop sociale medium foto pikzwarte tientallen meter hoge rookwolk gaza opstijgt stond vn ingehuurd crisi', 'oorlogsverslag syrië mist urgentie kracht burgerjournalistiek regie lina season revolution we herinnerd vreselijke oorlog syrië film keert terug begin burgerprotesten hard werden neergeslagen snel spr']"
25,49,kunst_nachtwacht_museum_rembrandt,"['kunst', 'nachtwacht', 'museum', 'rembrandt', 'schilderij', 'werk', 'kunstenaar', 'rijksmuseum', 'kunstenaars', 'zien']","['wegdromen ideale fantasiewereld werken intrigerend hebt meteen zin raken alsof rechtstreeks wes the grand budapest hotel komt sprookjesachtige beelden kunstenares noëlle dijk instagram zet noellevandi', 'computerkunst kolkt bubbelt pulseert expositie recensie museum kijken mensen gemiddeld tussen seconden kunstwerk wijzen verschillende onderzoeken rotterdamse kunsthal blijven bezoekers aanmerkelijk la', 'kunstenaars niks vrezen werk ai kunstmatige kunst rommelt columnistenland sind kunstmatig intelligente schrijver chatgpt geboren anderen sylvia witteman nelleke noordervliet vroegen af ambacht bestaan']"
26,48,china_asml_chip_geavanceerde,"['china', 'asml', 'chip', 'geavanceerde', 'chinese', 'amerikaanse', 'export', 'chipmachines', 'nanometer', 'machine']","['china nijdig exportverbod geavanceerde allernieuwste machine asml jargon extreem ultraviolet euv mochten china gaat gelden minder moderne machine gaat zogeheten deep ultra violet geavanceerde versie w', 'huawei weinig last sancties v chip hardware najaar gelanceerd wouter bergen berlijn huawei denkt voorlopig weinig last amerikaanse sancties nieuwe chip hardware najaar lanceert zei walter ji hoofd con', 'vragen waarom koers asml oploopt asml blijkt tussen hamer aambeeld beland handelsruzie tussen v china verluidt president trump premier rutte aangedrongen exportvergunning geven chipmachine gebruikmaak']"
27,48,we_mensheid_aarde_rees,"['we', 'mensheid', 'aarde', 'rees', 'toekomst', 'ai', 'men', 'risico', 'mensen', 'leven']","['elon musk verdooft klimaatgeweten column grap weleens technologie net feyenoord wel fan optimist waar misplaatst vertrouwen feyenoord vrij onschuldig blind geloof technologie vaak gevaarlijk geloof ne', 'lezersreacties mag terugloop onze insectenrijkdom oktober insecten schokkend betreurenswaardig alleen vanwege bestuiving onze gewassen voedsel laten we eindelijk ophouden men centraal stellen eenzijdi', 'we struikelen alle doemscenario einde wereld nooit dichtbij stelt wetenschapsjournalist steven stroeykens meteen enige zeker weet wanneer mensheid aarde gedaan daarover we alleen speculeren valt uitst']"
28,45,europese_ai_regels_parlement,"['europese', 'ai', 'regels', 'parlement', 'act', 'europees', 'wet', 'gezichtsherkenning', 'commissie', 'eu']","['europa werkt pauzeknop kunstmatige intelligentie bedreigingen europa bereidt internationaal verdrag overheden pauzeknop biedt kunstmatige intelligentie ai bedreiging vormt democratische waarden mensen', 'chatgpt verboden ambtenaren verbod tiktok dreigt rijksambtenaren verbod gebruik kunstmatige intelligentie staatssecretaris alexandra huffelen concreet plan daarvoor klaarliggen aldus software chatgpt ', 'europa slimme robot zetten computer nooit lot men bepalen vindt europees parlement straatsburg zette donderdag eerste stap weg wetgeving artificiële intelligentie ai banden legt bijvoorbeeld verboden ']"
29,45,digitale_digitalisering_overheid_burger,"['digitale', 'digitalisering', 'overheid', 'burger', 'we', 'data', 'onze', 'stad', 'technologie', 'politieke']","['digitale agenda verdient ambitie eerst nederland kabinet bewindspersoon digitale zaken belangrijke stap lang liet onze overheid samenhangt big tech bedrijven google facebook alleen digitaal beleid éch', 'digitalisering graag verkiezingsthema kort vorige tweede kamerverkiezingen zei interview krant willen volgende kamerverkiezingen misschien vier jaar digitalisering één onderwerpen waar lijsttrekkersde', 'allegaartje ideeën kansen bedreigingen nieuwe technologie kunstmatige intelligentie ai zomaar technologie systeemtechnologie samenleving fundamenteel veranderen stelt wetenschappelijke raad regeringsb']"
30,45,facebook_zuckerberg_gebruikers_berichten,"['facebook', 'zuckerberg', 'gebruikers', 'berichten', 'platform', 'bedrijf', 'mensen', 'erik', 'nepnieuws', 'charon']","['facebook moeten buigen europese regels digitaal verkeer streven steviger vuist maken wereldtoneel nieuwe europese commissie grootste spelers toneel ter verantwoording geroepen mark zuckerberg amerikaa', 'ten strijde nepnieuws klimaatfabels hol leeuw desinformatie interview sander linden moest wel even nadenken facebook benaderde vraag bedrijf helpen grote problemen hoogleraar gedragspsychologie britse', 'nieuwtjes facebook alfred antwoordt enthousiast facebookgebruiker we jaar leuke dingen verwachten zanten breda facebook zit stil nieuwsoverzicht startpagina krijgt minder content gebruikers blijken st']"
31,44,onderwijs_studenten_universiteiten_universiteit,"['onderwijs', 'studenten', 'universiteiten', 'universiteit', 'school', 'scholen', 'studie', 'technische', 'hoger', 'student']","['denkfouten zoals volt zien we vaker politici eerste nieuwe collega alweer vertrokken raakten schooljaar overwerkt verkozen paar weken baan buiten onderwijs we probleem nieuwe leraren fase nauwelijks v', 'school diploma ramp echtgenoot diploma tijdgeest mei vanwege verhuizing bezocht verschillende middelbare scholen nergens haalde diploma we avonds kinderen pasten hielp franse woordjes onthouden tijden', 'grote kans baan technisch profiel geliefd juliaan geeft bijles scheikunde veruit meeste vraag scholier volgt natuur fons vitae lyceum amsterdam eitje menig medeleerling worsteling daarom exacte vakken']"
32,40,nvidia_chip_huang_intel,"['nvidia', 'chip', 'huang', 'intel', 'bedrijf', 'grafische', 'mrd', 'jensen', 'aandeel', 'omzet']","['chipfabrikant breekt record beurs voorzichtig klopt jensen huang oprichter amerikaanse chipmaker nvidia deur meest exclusieve clubje ondernemingen ter wereld bedrijven beurswaarde één biljoen dollar v', 'nvidia waard beurs chip chipconcern nvidia donderdag miljard dollar waard geworden beurs new york beleggers reageren enthousiast resultaten belangrijkste speler ter wereld gebied chip gebruikt kunstma', 'koerssprong nvidia stuwt wall street chipsector beurs nvidia zette donderdag sterke opmars jaar voort aandelenbeurzen new york aandeel maakte koerssprong procent tikte nieuw recordniveau amerikaanse c']"
33,40,coronavirus_china_virus_chinese,"['coronavirus', 'china', 'virus', 'chinese', 'ggd', 'corona', 'palantir', 'ademtest', 'pandemie', 'antisemitische']","['gebruik slimme techniek corona coronabestrijding naarmate mensen gevaccineerd samenleving verder open technologie zoals coronapaspoort apps daarbij helpen medisch vlak paar interessante toepassingen z', 'snel geld verdienen kleine pakkans digitale criminaliteit enorme vlucht genomen digitale criminaliteit enorme vlucht genomen wereld digitale criminaliteit afgelopen jaren enorme vlucht genomen coronac', 'waarom coronacrash beursexperts verraste bijna niemand durft consensus af wijken theo besteman johan wiering amsterdam coronacrisis vermogens miljoenen beleggers gedecimeerd waarom coronavirus beurscr']"
34,38,foto_gezichtsherkenning_gezichten_clearview,"['foto', 'gezichtsherkenning', 'gezichten', 'clearview', 'camera', 'gezicht', 'technologie', 'software', 'politie', 'google']","['echt nep ai verschil zien levensecht bekijk bovenstaande foto ziet welk gezicht echt welke afbeelding persoon staat gemaakt ai antwoord vinden artikel vraag goed beantwoord waarschijnlijk gok alleen z', 'onrust wouter bergen amsterdam amerikaanse maker omstreden app gezichtsherkenning clearview ai technologie nederland verkopen meldt amerikaanse nieuwssite buzzfeed basis overheidsdocumenten app gezich', 'systeem lek mandje proef digitale gezichtsherkenning paul eldering yteke jong schiphol digitale gezichtsherkenning nieuwe methode luchtreizigers sneller controles schiphol krijgen laat vaak steken val']"
35,37,winkel_zelfscankassa_klanten_winkeldiefstal,"['winkel', 'zelfscankassa', 'klanten', 'winkeldiefstal', 'winkels', 'diefstal', 'supermarkten', 'supermarkt', 'jumbo', 'boodschappen']","['beloning klant supermarkt supermarktketen jumbo nieuwe maatregelen aangekondigd winkeldiefstal zelfscankassa meest origineel zogeheten vanaf half maart winkels verschijnt klanten pech uitgebreide stee', 'makkelijk boodschappen digitale supermarkt succesvol zegt automaat deur volledig digitale supermarkt albert heijn nadat betaalpas ertegenaan gehouden boodschappen beginnen sterker contactloze betaling', 'klantvragen slimmer beantwoorden doorbreker alexander wijninga watermelon messenger gabi ouwerkerk utrecht juridische druk whatsapp moesten alexander wijninga charl haas vorig jaar faillissement aanvr']"
36,34,acteurs_staking_schrijvers_hollywood,"['acteurs', 'staking', 'schrijvers', 'hollywood', 'streamingdiensten', 'wga', 'studio', 'series', 'film', 'vakbond']","['acteurs scenaristen gaan set straat laten keus lijken vermenigvuldigen hete ochtendzon leden vakbond acteurs presentatoren stemmen film televisie afgelopen week liepen maximaal twintig scenaristen ron', 'staking scenarioschrijvers brengt hollywood stilstand compensatie scenaristen blijft ver achter winst studio zenders streamingdiensten maken stelt schrijversvakbond wga filmgebied geproduceerd ooit al', 'staking dagen schrijvend hollywood weer slag klassiek kunstenaars gevestigde orde werkende klasse ultrarijken goliath filmstudio streamingdiensten ging uiteindelijk liggen david leden scenaristenvakbo']"
37,33,samsung_apple_smartphone_telefoons,"['samsung', 'apple', 'smartphone', 'telefoons', 'huawei', 'telefoon', 'lee', 'iphone', 'galaxy', 'nieuwe']","['samsung duikelt apple achterna vorige week liet techbedrijf apple beleggers flink schrikken winstwaarschuwing gisteren verraste concurrent samsung markt tegenvaller vierde kwartaal zagen winst procent', 'samsung plakt maantje beeld geluk zit moment vlak gedachte foto nemen uitspraak schrijver tara june winch zong zaterdagavond hoofd volgde discussie online losgebarsten zogenaamde space beschikbaar duu', 'chip robotica deal moderna samsung barst ambities samsung vooral bekend smartphones televisies halfgeleiders grote plannen komende drie jaar conglomeraat ongeveer miljard euro investeren kapitale bedr']"
38,33,apple_iphone_cook_kinderporno,"['apple', 'iphone', 'cook', 'kinderporno', 'google', 'auto', 'iphones', 'amazon', 'jaar', 'nieuwe']","['apple verdachte foto onze iphones gaan scannen privacy apple stond lang bekend bastion privacy google facebook gluurden misschien mee onze berichtjes apple boodschap boodschappen we verstuurden gebeur', 'polepositie microsoft waarderace apple duel techreuzen v titel grootste beursbedrijf duel techreuzen v titel grootste beursbedrijf mark garrelts amsterdam tweestrijd titel grootste beursbedrijf ter we', 'apple vuur controle foto techreus pakt verspreiding kinderporno techreus pakt verspreiding kinderporno theo besteman amsterdam apple presenteert najaar nieuwste iphone krijgt betere camera opslag groo']"
39,33,journalistiek_journalisten_nieuws_artikelen,"['journalistiek', 'journalisten', 'nieuws', 'artikelen', 'ai', 'medium', 'krant', 'mensen', 'informatie', 'channel']","['wereld chatgpt we helemaal voorbereid culturele spam procent alle informatie internet kunstmatige intelligentie gegenereerd aantal bedrijven inmiddels praktijk ondervonden betekent overspoeld nieuwe v', 'ai nieuwe assistent journalist robotjournalistiek steed medium experimenteren kunstmatige intelligentie ai loopt zweedse krant aftonbladet proef samenvattingen artikelen gemaakt behulp ai korte box st', 'schreef redacteur artikel robot opkomst chatgpt krijgt ruim aandacht krant software iedereen binnen kortste keren tekst laten maken rapport reclameboodschap schoolwerkstuk recept taalrobot levert teks']"
40,32,algoritmes_data_algoritmen_register,"['algoritmes', 'data', 'algoritmen', 'register', 'big', 'burger', 'gemeente', 'algoritme', 'toezicht', 'overheid']","['geef burger inzage algoritmes overheid gebruikt toezichthouder ondanks grote maatschappelijke zorgen gebruik kunstmatige intelligentie ai overheid weinig concreet toezicht iv verandering brengen beloo', 'overheden zien risico gebruik big data hoofd staatscomputer bepaalt jij fraudeur bent vandaag dag allesbehalve denkbeeldig scenario overheid maakt steed gebruik geautomatiseerde beslissingen basis gro', 'oordeel belangrijker big data interview timandra harkness big data beetje big brother weet waar bent waar bent vrienden gezond bent voorspellen zult kopen wanneer ziek slachtoffer criminaliteit zult c']"
41,32,nederland_economie_bedrijven_landen,"['nederland', 'economie', 'bedrijven', 'landen', 'nederlandse', 'schwarz', 'volberda', 'investeringen', 'we', 'wapenfeit']","['rapport nederland meest competitieve land europa moe geklaag nederland goed nieuws nieuwe global competitiveness report pagina waarin world economic forum wef concurrentiekracht landen meet keer rangl', 'lightraillijn groei aanjagen mag bijna kwart nederlandse economie uiterst succesvol bleef groei achter regio zoveel spelers samenwerking grond kwam verklaart rector magnificus tim hagen tu delft lijkt', 'revolutie bouw bouwen verbeelding bouw bloeit geld consumentenvertrouwen breed gedragen bouwagenda nederland tegelijkertijd enorme ambities klimaat energie grondstoffen alleen we vol inzetten kwalitei']"
42,32,deepfakes_video_deepfake_beelden,"['deepfakes', 'video', 'deepfake', 'beelden', 'porno', 'foto', 'deepfakeporno', 'seksueel', 'vrouwen', 'slachtoffer']","['facebook bindt strijd levensechte nepvideo facebook verbiedt blokkeert voortaan deepfakes video werkelijkheid laten zien echt doorgaan bedrijf maakt uitzondering video willen bedriegen bedoeld satire ', 'kijker crux deepfake porno misbruik deepfake pornografie snelst groeiende vormen misbruik gaat filmpjes afbeeldingen waarbij gezicht bekende vrouw bijvoorbeeld lichaam pornoactrice geplakt gebruik kun', 'praten overleden dierbare deepfake helpen kunstmatige intelligentie interview theo gevers hoogleraar computer vision universiteit amsterdam kwam kort vooral nieuws waarschuwingen gevaar deepfake deepf']"
43,29,bank_banken_ing_financiële,"['bank', 'banken', 'ing', 'financiële', 'revolut', 'fintech', 'klanten', 'abn', 'sector', 'amro']","['abn begin jaren zeventig kampte nederlandsche middenstandsbank nmb dalende inkomsten ondernemers consumenten enthousiaster nmb krijgen moest bank stoffig imago af plan inzetten relatiemanagement klant', 'kort kort partnertoets tijdelijke ondersteuning zelfstandigen tozo tegemoetkoming vaste lasten tvl ruimer zeggen organisaties ondernemers zelfstandigen oproepen kabinet waarin pleiten uitbreiding coro', 'bunq merk zoals tomtom oprichter ali niknam overnamepad marktwaarde miljard eur behoort bunq inmiddels grote europese internetbanken bedrijf serieus genomen ziet niknam voordeel waarom duurde lang jul']"
44,29,studenten_docenten_onderwijs_leerlingen,"['studenten', 'docenten', 'onderwijs', 'leerlingen', 'programmeren', 'leren', 'chatgpt', 'vaardigheden', 'opleidingen', 'scholen']","['informatici genoeg meeste willen onderwijs werken stuk vijftien leerlingen vwo elzendaalcollege boxmeer slenteren lokaal beeldschermen gaan formules ploppen scherm sommige scholieren bouwen zelfrijden', 'zorgen computer gaat leraar vervangen leerlingen groep openbare basisschool venen reeuwijk maken sommen chromebook interactieve rekenles ondersteund adaptieve lesprogramma snappet digibord direct zien', 'verbieden toestaan universiteiten hogescholen worstelen gebruik kunstmatige intelligentie studenten universiteiten hogescholen worstelen gebruik kunstmatige intelligentie studenten waarom urenlang bik']"
47,28,dnb_bunq_banken_witwassen,"['dnb', 'bunq', 'banken', 'witwassen', 'bank', 'toezichthouder', 'transacties', 'klanten', 'niknam', 'financiële']","['raak crimineel eerst portemonnee financiële onderwereld hoort rijtje thuis panama paper amsterdamse zuidas nederlandse belastingklimaat harde georganiseerde drugshandel antwoord horen allemaal rijtje ', 'witwasaanpak dnb schop vragen vragen opvallende uitspraak college beroep bedrijfsleven cbb online bank bunq gelijk gekregen zaak afwijzing nederlandsche bank dnb kunstmatige intelligentie zetten scree', 'banken speurennaar fraude wetswijziging sleepnet foute betalingen particulieren mogelijk maken wetswijziging sleepnet foute betalingen particulieren mogelijk maken vijf grote nederlandse banken straks']"
45,28,film_couture_herzog_marsigliese,"['film', 'couture', 'herzog', 'marsigliese', 'dior', 'chanel', 'uur', 'dance', 'personage', 'show']","['zien international film festival rotterdam eerst punkconcert eerst wild dansen terwijl net hebt laten knippen zoals bassist the clash angus schooljongen christchurch gaat wereld open anno kennismaakt ', 'danser mag gewoon excelleren recensies dans kiraly joeri producties tegenstelling choreografen week festival spring staan zie bespreking hiernaast allerlei soorten medium aanwenden verhaal vertellen b', 'gefopt franse boezem pikante foto franse staatssecretaris marlène schiappa cover playboy bewindsvrouw interview gegeven blootblad poseerde daarvoor licht voorovergebogen flink decolleté o la vlak voor']"
46,28,google_zoekmachine_alphabet_microsoft,"['google', 'zoekmachine', 'alphabet', 'microsoft', 'gemini', 'gebruikers', 'data', 'page', 'bedrijf', 'bing']","['google komt eigen versie chatgpt aanval microsoft concurrentiestrijd google lanceert woensdag nieuw model kunstmatige intelligentie bekendste model toe chatgpt openai google markt brengt eigen zeggen ', 'google begon jaar geleden tikfout zoekmachine hieperdepiep hoera google bestaat jaar jaar jaar dagen jaren bestaat verwarring echte verjaardag zoekmachine doorgaans feiten prima orde zit nou precies e', 'google zoekt vernieuwingen week organiseert werelds dominante zoekgigant jaarlijkse ontwikkelaarsconferentie google weer belooft interessante editie nieuwe technologieën name vlak kunstmatige intellig']"
49,27,privacy_avg_data_europese,"['privacy', 'avg', 'data', 'europese', 'gegevens', 'facebook', 'google', 'microklussers', 'advertenties', 'microklussen']","['privacy framing iedereen maakt gebruik online diensten facebook zoekmachines webwinkels debatten daarover gaat onze privacy woord fundamenteel mi probleem we kennen privacybegrip oude wereld privacysc', 'bedenk goed internet deelt google noemen mensen vinden belangrijk gegevens goed beschermd weinigen bereid echt instellingen duiken gisteren europese dag privacy waarop extra aandacht bescherming perso', 'onze privacy gebaat spookverhalen privacyspook waart weer rond mede danken theatergroep verleiders begin week wereld draait nogal vrij omgingen feiten aivd iedereen ongebruikelijke route werk rijdt vi']"
50,27,vrouwen_mannen_seks_homo,"['vrouwen', 'mannen', 'seks', 'homo', 'vrouw', 'kosinski', 'epstein', 'seksuele', 'we', 'man']","['unesco ai genereert seksistische teksten populaire kunstmatige intelligentie ai gestuurde programma zoals chatgpt produceren teksten vooroordelen vrouwen vertonen blijkt onderzoek onderwijs wetenschap', 'ai ziet vrouwen snel lustobjecten britse krant the guardian kwam week geleden onthulling werking getest beoordelen foto blijkt tool google microsoft vrouwenlichamen eerder lustobject zien mannenlicham', 'haan zon oproept men statistiek ontdekte ruilde causaliteit correlatie ging alleen statistisch verband tussen twee grootheden oorzakelijk verband causaliteit slechts ondersoort grote geheel onderzoek ']"
48,27,oekraïne_drone_oorlog_russische,"['oekraïne', 'drone', 'oorlog', 'russische', 'oekraïense', 'militaire', 'rusland', 'thales', 'wapens', 'russen']","['v bereid oekraïne patriot leveren officieel diverse amerikaanse medium melden basis anonieme bronnen washington oekraïne krijgt zeer geavanceerde waarmee steden elektriciteitscentrales verdedigen russ', 'men beslissen schieten vinden wij amerikaan gebouw neerhalen hoeft krijgsmacht gebouw slechts computerscherm zien voordat piloot groen licht krijgt nederlander daarentegen wachten waarnemer locatie oo', 'snelle opmars drone baart vredesactivisten zorgen internationale incidenten drone glimp vangen drastische veranderingen oorlogvoering moment doormaakt recent onlinefilmpje bekijken strijd regio zien a']"
51,25,arbeidsmarkt_arbeidsproductiviteit_werknemers_werkgevers,"['arbeidsmarkt', 'arbeidsproductiviteit', 'werknemers', 'werkgevers', 'productiviteit', 'economie', 'werken', 'productiviteitsgroei', 'nederland', 'sectoren']","['tandartsentekort komt kartel a l jaren komt nederland tandartsen tekort jaar werken volgens beroepsvereniging knmt één tandarts per nederlanders tekort kleiner geworden sind tandartsen bijgekomen terw', 'einde goedkope arbeid technologie economie redden technologie economie redden migratie woningmarkt zorg arbeidsmarkt infrastructuur lijkt nederland slot zitten opereren we grenzen we aankunnen terwijl', 'basisbaan gaat land verder helpen opinie jeroen gennep politiek econoom basisbaan uitkering vervangen vangnet verzorgingsstaat advies wetenschappelijke raad regeringsbeleid wrr gaat moderne variant me']"
52,24,drone_ballon_vliegen_lucht,"['drone', 'ballon', 'vliegen', 'lucht', 'delft', 'riemens', 'ballonnen', 'middendorp', 'zegt', 'oostrum']","['dansen zwerm drone prachtig twaalf blauwe lichtjes tijdens repetitie choreografie danser zweven wacht even wel lichtjes nee lampjes zoemen trouwens beetje blijken drone luchtvoertuigjes zelfstandig vl', 'software leert dronevliegen kunstmatige intelligentie massa s vanuit cloud kunstmatige intelligentie zorgt autonome drone amazon veilig vliegen helpt fraude opsporen leidt vanuit cloud karretjes bloem', 'holland innovatiehoop top satellieten kunstmatige alvleesklier wouter bergen den haag satellietbedrijf hiber ontwikkelaar nieuwe kunstmatige alvleeskliertechnologie inreda diabetic uitvinder nieuw pla']"
53,24,virtuele_avatar_metaverse_virtual,"['virtuele', 'avatar', 'metaverse', 'virtual', 'reality', 'vr', 'digitale', 'metaversum', 'bril', 'virtueel']","['restaurant toekomst weet ai allang gast eten avatar restaurantmanager sidney stijn kijkt beetje langs gasten heen hen geprojecteerd vanaf wand deur begroet are you ready to experience the future hospi', 'oog oog thorbecke anne frank willen we metaverse mark zuckerberg amerikaanse lex fridman spraken vorige week metaverse zover bijzonders zuckerberg spreekt graag metaverse bijzonder wel zuckerberg frid', 'werkvloer virtuele assistenten nemen onze frustraties weg gabi ouwerkerk amsterdam collega vraagt morgen tien uur ruimte conferentiekamer niemand antwoordt kun afspraak verzetten klinkt vanuit hoek bl']"
54,24,taal_translate_vertalers_vertalingen,"['taal', 'translate', 'vertalers', 'vertalingen', 'talen', 'vertalen', 'gebarentaal', 'vertaling', 'google', 'arabisch']","['verjaardag verjaardagen taal taalvragen vormen uitdaging taalkundige naslagwerken pasklaar antwoord vinden schrijven pasklare antwoorden vinden meervoudsvorm verschillende vragen gesteld ongetwijfeld ', 'gaan we viraal viral spreken we afkorting ai voorkeur taal duidelijk maken filmpje virus razendsnel verspreidt via internet zeggen viraal gaat viraal gaan vertaling engelse woordgroep going viral wel ', 'grappige fouten google translate verleden tijd franse zin vertalen woordenboek ouderwets haalt gewoon even google translate onbegrijpelijke nederlandse vertaling uitrolt blijkt woordenboek slecht idee']"
55,24,wapens_autonome_robot_killer,"['wapens', 'autonome', 'robot', 'killer', 'verbod', 'drone', 'autonoom', 'pax', 'wapensystemen', 'brief']","['lezersreacties lezers postbus aw amsterdam onze ondergang mening belangrijkste artikel augustus stond pagina betrof oproep ruim honderd vooraanstaande ondernemers gebied robotica kunstmatige intellige', 'gevaar vechtrobot robot nuttig gebruikt slagveld gevaarlijk wetenschappers mensenrechtenactivisten pleiten ban wapens tribune joelt hubo mensachtige robot makelij beklimt traag soepeltjes trap vier tr', 'protesten dodelijke robot google medewerkers google brief baa geprotesteerd medewerking bedrijf ontwikkeling wapensystemen gebruik maken kunstmatige intelligentie ruim werknemers vrezen informatie goo']"
57,23,algoritme_algoritmes_algoritmen_beslissingen,"['algoritme', 'algoritmes', 'algoritmen', 'beslissingen', 'fry', 'mensen', 'algoritmische', 'we', 'menselijke', 'fouten']","['algoritmen tonen menselijk tekort zegen virtuele assistente apple eerste instantie wel prostituees viagrawinkels vinden abortusklinieken dankzij ingebouwde raciale voorkeur concludeerde veelgebruikt a', 'autonomie staat steed druk we struikelen erover dagelijks leven bewust algoritmes precies invloed kunstmatige intelligentie onze natuurlijke slimheid gesprek sander klous specialist big data kpmg hoog', 'abstract algoritmes helemaal gewoon mensen opdragen kunstmatige intelligentie stel bent woont hattem zin hebt elke dag vier uur reizen opleiding apothekersassistent ga tante amsterdam wonen toevallig ']"
58,23,klm_vliegtuig_vliegtuigen_schiphol,"['klm', 'vliegtuig', 'vliegtuigen', 'schiphol', 'passagiers', 'rintel', 'vliegen', 'piloot', 'luchthaven', 'toestellen']","['vliegtuig piloot goed enorme besparing onderzoek reizigers vinden automatische piloot prima zolang menselijke verveling slaap valt lege cockpit gaat helemaal ver vliegindustrie piloten geld besparen m', 'onbemande straaljager getest verenigde staten amerikaanse luchtmacht testvlucht zeventien uur gemaakt gevechtsvliegtuig zichzelf bestuurde behulp kunstmatige intelligentie meldt darpa onderzoekscentru', 'turbulentie meteen petitie getekend nummer natuurlijk weinig ga teken absurd idee toekomst vluchten voeren één piloot verkeersvliegers voeren daarom actie orde plan kiem gesmoord technologie tweede pi']"
56,23,spelers_club_bal_voetbal,"['spelers', 'club', 'bal', 'voetbal', 'scisports', 'sport', 'wedstrijden', 'ajax', 'brouwer', 'wedstrijd']","['lijnrechter hoeft straks alleen roepen bevel ai sorana cirstea haalt tennisplezier alleen strijden hoogste niveau gaat mondiale nummer roemenië kwartfinalist roland garros mensen duizend wedstrijden b', 'anale kraaltjes vernuftig bedrog argeloos sport kijken weer lastiger schuld ligt nota bene edele denksport schaakwereld speculeert dagen bedrog via jawel anale kraaltjes genie magnus carlsen ermee bed', 'pa voetballer gaat nadenken gaat mi schrijver aldo houterman studeerde filosofie kunstmatige intelligentie doceert filosofie universiteit amsterdam hogeschool utrecht lid netwerk sportfilosofie waar g']"
59,22,stem_tinnitus_geluid_ridder,"['stem', 'tinnitus', 'geluid', 'ridder', 'whispp', 'via', 'starkey', 'castermans', 'serdijn', 'sawalich']","['gesprek voeren terwijl hoofd tip geeft kunstmatige intelligentie reportage luister eigen innerlijke stem beter doe hoor zeurt aanzet zorgen maken waarschuwt dingen zullen lukken citaat komt innerlijke', 'nepnieuws amerikaanse onderzoekers erin geslaagd technologie ontwikkelen waarmee iedereen kunt laten zeggen jij wilt juiste woorden mond leggen hoef druk oefenen technologie werkt basis kunstmatige in', 'the sound silence reportagetestkamers renault reportagetestkamers renault elektrische auto vragen aanpak betreft akoestiek trillingen vibraties radiogolven fabrikant renault gaf exclusief inkijkje kam']"
60,21,hacker_moerel_bedrijven_cybersecurity,"['hacker', 'moerel', 'bedrijven', 'cybersecurity', 'criminelen', 'website', 'cybersprint', 'phishing', 'ransomware', 'internet']","['tien jaar weten hacker moeten polderen geluid figuurzaag afstand horen lange tafel probeert tabitha vogelaar stuk harde schijf zagen deel mooi vindt ring maken makkelijk laat computeronderdeel alleen ', 'terrorist gepakt gezichtsherkenning rob savelberg berlijn spectaculaire arrestatie dertig jaar werk slechts enkele minuten kunstmatige intelligentie duitse politie mag omstreden speurmethode vanwege m', 'tno cyberveiligheid ai overlaten misschien wel zorgwekkender misschien wel vian schouten amsterdam banken cruciale nederlandse bedrijven moeten snel mogelijk cyberveiligheid volledig handen geven kuns']"
61,21,altman_openai_bestuur_sam,"['altman', 'openai', 'bestuur', 'sam', 'ontslag', 'topman', 'brockman', 'soros', 'microsoft', 'sutskever']","['strijd binnen openai beslecht ontslagen topman vijf dagen weer roer alweer terug slechts vijf dagen nadat sam altman ontslagen topman openai maker vrij revolutionaire programma chatgpt grote druk inve', 'bedrijfstop openai vecht elkaar tent rommelt top openai amerikaanse bedrijf achter schrijfsoftware chatgpt topman eruit gezet ongenoegen grootaandeelhouder microsoft achtergrond lijkt richtingenstrijd', 'microsoft lijft sam altman gaat slag microsoft amerikaan afgelopen vrijdag ontslagen directeur openai bedrijf achter razend populaire chatgpt bestuur gaf vertrouwen ophef leidde techwereld microsoft g']"
62,21,wapens_autonome_militaire_drone,"['wapens', 'autonome', 'militaire', 'drone', 'defensie', 'wapensystemen', 'ai', 'militairen', 'systemen', 'verdrag']","['ai buskruit ste eeuw innovatie eureka buskruit bedacht uitvinder vast ogen explosieve poeder dood verderf zorgen volgens chatgpt chatbot werkt kunstmatige intelligentie ai buskruit rond negende eeuw u', 'oorlog toekomst komt thuis vrijheid vanzelfsprekend vijand vreedzaam bestaan behoeft onderhoud beschermd daarvoor antwoorden nodig prangende vragen geval virus wereld kop zet wandelt mensheid braak te', 'gaat men oorlogen handen geven wapensystemen reaper nederlandse krijgsmacht aangeschaft zullen medio volledig operationeel reaper onbemand vliegtuig officieel slechts verkenning bedoeld bewapend wel b']"
63,20,cloud_microsoft_amazon_oracle,"['cloud', 'microsoft', 'amazon', 'oracle', 'google', 'bedrijven', 'data', 'clouddiensten', 'azure', 'mrd']","['europa alternatief cloud tegenwicht bieden amerikaanse aziatische dominantie tegenwicht bieden amerikaanse aziatische dominantie terwijl amerikaanse commerciële partijen google amazon microsoft cloud ', 'via cloud kruipt toeschouwer boord oracle zit race snelheid data geld wouter bergen san francisco spectaculaire nieuwe zeilrace combineert hobby s techmiljardair larry ellison technologie hard varen g', 'google slag cloud grootste internetbedrijf gaat strijd amazon rob goossens san francisco google minder afhankelijk richt daarom cloud begin jaar duidelijk google nadrukkelijker zakelijke markt begeven']"
64,20,chainalysis_cryptomunten_bitcoin_coinbase,"['chainalysis', 'cryptomunten', 'bitcoin', 'coinbase', 'worldcoin', 'bitcoins', 'gronager', 'criminelen', 'cryptomunt', 'cryptovaluta']","['worldcoin biedt cryptogeld ruil irisscan bijna tweeënhalf miljoen mensen wereldwijd gedaan diep zilverkleurige bol staren iris laten scannen iedereen meedoet krijgt omgerekend euro cryptomunten uitbet', 'bitcoinfraude broers kost miljarden theo besteman amsterdam diefstal bitcoins broers ameer raees cajee volgens lokale medium ruim miljard vermogen klanten gekaapt geldt grootste cryptodiefstal ooit ei', 'groei bitcoin vastgoed ondernemer tast digitaal netwerk markten af theo besteman den haag bitcoinbedrijven floreren toeleggen sparen maakt consumenten zulke alternatieven bekijken ondernemer nederhoed']"
65,19,datacenters_datacentra_datacenter_stroom,"['datacenters', 'datacentra', 'datacenter', 'stroom', 'dda', 'nederland', 'grove', 'apparatuur', 'amsterdam', 'huawei']","['ing dataverkeer zuiniger vreet energie computer tablet laptop mobiele telefoons smartphones datacentra telecomnetwerken goed procent stroomverbruik wereld techniek voortschrijdt apparatuur zuiniger aa', 'google zet datadoos neer kop amerikaanse techreus google staat erom bekend ieder plekje aarde vinden kennelijk gemeente holland kroon toe kop gaat bedrijf achter populaire zoekmachine datacentrum gron', 'nederland europees kampioen datacentra positie nederland knooppunt data groeit letterlijk figuurlijk wolken doordat we onze telefoons computer tablet massaal gebruikmaken diensten cloud staan steed ge']"
66,18,ai_sheikh_zelfrijdende_intelligentie,"['ai', 'sheikh', 'zelfrijdende', 'intelligentie', 'kunstmatige', 'wrr', 'afm', 'auto', 'dobbelaere', 'rapport']","['kunstmatige intelligentie maakt extra regels nodig ai g verdere ontwikkeling kunstmatige intelligentie ai maakt extra regelgeving noodzakelijk minister g groep zeven rijke landen bijvoorbeeld duitslan', 'iedereen stuur handen aansprakelijk rapport stuurt onderzoeksraad veiligheid cadeautje nijmeegse radboud universiteit net wervingscampagne begonnen waarin jonge academici opgeroepen melden recht toeko', 'ongekende tijdwinst onderhoud ai geautomatiseerde inspectie toont gebreken geautomatiseerde inspectie toont gebreken vian schouten amsterdam onderhoud onze civiele infrastructuur tijdrovend kostbaar p']"
67,18,advocaten_juridische_legal_advocaat,"['advocaten', 'juridische', 'legal', 'advocaat', 'kantoren', 'advocatuur', 'advocatenkantoren', 'legaltech', 'juristen', 'overy']","['slimme pc duikt cold case onbegonnen werk willen rechercheurs tien nederlandse coldcaseteams weten waar beginnen duizenden dossier kiezen krijgt schatting miljoen pagina rechercheurs krijgen hulpje ku', 'software weet judge graag hoort ravel law ravel law ontwikkelt profielen rechters gedrageconomie reportage rechtspraak data amerikaanse ravel law dochterbedrijf relx maakt digitale profielen rechters ', 'doet kunstmatig intelligente advocaat nou eigenlijk hele dag internationale race steed advocaten werken generatieve kunstmatige intelligentie bespaart tijd kosten belofte reden fd onderzoeken goed hyp']"
68,18,kandidaten_recruiter_cv_kandidaat,"['kandidaten', 'recruiter', 'cv', 'kandidaat', 'sollicitanten', 'oostrom', 'algoritme', 'akhlal', 'unilever', 'sollicitant']","['helaas onze computer vindt geschikte kandidaat grote bedrijven zetten computermodellen kandidaten werven selecteren data cv sollicitatiebrieven scannen sollicitanten computersystemen verwerkt daaraan ', 'kunt solliciteren recruiter vooroordeel kwam baan welke naam hadden dochter gegeven gesprek radioprogramma geld leven sloot af cliffhanger gast karim akhlal marokkaanse root twintiger lukte baantje ko', 'maagden stieren kans baan sollicitanten bizarre redenen afgewezen delen ervaring chinese sociale medium gebruikster populaire app xiaohongshu twee keer meegemaakt rare vragen kreeg tijdens sollicitati']"
69,17,ai_risico_sunak_bletchley,"['ai', 'risico', 'sunak', 'bletchley', 'britse', 'wetgeving', 'technologie', 'top', 'we', 'park']","['wereldleiders zoeken grip kunstmatige intelligentie britse landgoed bletchley park werden tijdens tweede wereldoorlog versleutelde duitse berichten ontcijferd symbolische plek komen week wereldleiders', 'we moeten snel elkaar gesprek ai kunstmatige intelligentie motto control ai lanceerden zeven nederlanders petitie tweede kamer risico ai echo oproep drie grote amerikaanse onheilsprofeten classificere', 'ai leidende rol krijgen verspreiden desinformatie mensen prima ai safety summit zullen prominente politici wetenschappers grootheden techwereld week elkaar komen praten kunstmatige intelligentie kriti']"
70,16,russische_volozj_yandex_aivd,"['russische', 'volozj', 'yandex', 'aivd', 'spionage', 'diplomaten', 'russen', 'rusland', 'sanctielijst', 'ambassade']","['russen betrapt spionage twee russische diplomaten nederland uitgezet vanwege spionage gevoelige wetenschappelijke technologische informatie hadden volgens algemene inlichtingen veiligheidsdienst aivd ', 'cyberaanval russen raakt nederland hacker houden redelijk gedeisd hacker houden redelijk gedeisd chris broesder haarlem rusland voert alleen oorlog oekraïense grondgebied online donderdag waarschuwde ', 'spionage snel strafwet kabinet maakt haast kabinet maakt haast onze verslaggevers den haag spionage snel strafbaar kabinet andermaal blijkt nederland ten prooi valt russische twee diplomaten russische']"
71,16,musk_tesla_spacex_elon,"['musk', 'tesla', 'spacex', 'elon', 'aarde', 'mar', 'raket', 'isaacson', 'cooijmans', 'ruimtevaart']","['obama binnen twintig jaar mensen mar sturen ruimtevaart binnen twintig jaar men voet mar zetten nederzetting bouwen amerikaanse overheid dergelijke missy samenwerking bedrijfsleven financieel elkaar k', 'multimiljardair misplaatst messiascomplex elon musk natuurkracht zegt reid hoffman musk kompanen vroege internetjaren verbaast musk miljoenen binnensleepte verkoop bedrijf paypal investeerde schijnbaa', 'tesla musketeer betaalt beleggen interview leonardo da vinci onze tijd typering elon musk waar fan wel vinden brein achter tesla elektrische auto spacex commerciële ruimtevaart paypal online betalen s']"
72,15,politie_plas_criminelen_gegevens,"['politie', 'plas', 'criminelen', 'gegevens', 'criminaliteit', 'cybercrime', 'aangifte', 'wolfert', 'aangiftes', 'cold']","['politie krijgt hulp artificiële hersenkracht heel fijn recherche computer telefoons verdachte beslag genomen zegt verdachte parijs tijdens misdaad gewone rechercheur wel zien man eiffeltoren staat all', 'slim tno helpt speurders wetenschappers ondersteunen politie nieuwste technieken wetenschappers ondersteunen politie nieuwste technieken gevecht steed sluwer opererende beter uitgeruste criminelen pol', 'ouderen tillenzonder wroeging plaats supermarkt vakken vullen kiest aantal jongeren digitaal zakkenvullen plaats supermarkt vakken vullen kiest aantal jongeren digitaal geld dure horloges designerkled']"
73,15,chinese_china_universiteiten_campus,"['chinese', 'china', 'universiteiten', 'campus', 'boekhoorn', 'samenwerking', 'jorritsma', 'studenten', 'nederlandse', 'onderzoek']","['pa chinezen kamer controle wetenschappelijke samenwerking kamer controle wetenschappelijke samenwerking tweede kamer controle wetenschappelijke samenwerking china voorkomen land spioneert intellectuee', 'nederland inzien china wetenschap gebruikt geopolitieke doelen chinese onderzoekers technologie belangrijkste arena geopolitieke strijd zei chinese president xi jinping nederland komt koninklijke nede', 'student betaalt prijs wantrouwend hoger onderwijs commentaar cameratoezicht anderhalf jaar geleden schreef garrie pinxteren alarmerend stuk china universiteiten maakten grote schaal gebruik camera gez']"
74,15,loznitsa_hoofddoek_facebook_ressa,"['loznitsa', 'hoofddoek', 'facebook', 'ressa', 'regime', 'vrouwen', 'hamas', 'cvz', 'russische', 'klette']","['voorwoord oekraïense kinderen metrostation leven le krijgen daglicht russische medium alle ruimte verliezen kritische werk voortdurende oorlog tussen rusland oekraïne onontkoombaar aanwezig tijdens ze', 'gruwelen oekraïne mensheid voorbij documentaire recensie gelooft ogen juli oekraïense stad lviv bezet duitse troepen doden elkaar gestapeld mensen stokken geslagen vrouw haren straat gesleurd menigte ', 'internet koevoet doden onderzoeksjournalist mikael blomkvist moeilijk gaat goed tijdschrift millennium waar jaren ziel zaligheid geeft nieuwe eigenaren willen populairdere weg inslaat bovendien slacht']"
75,14,poolwervel_muon_satellieten_aarde,"['poolwervel', 'muon', 'satellieten', 'aarde', 'meteorieten', 'satelliet', 'methaan', 'noordpool', 'sark', 'hyperscout']","['gouden combinatie satelliet ai speuren methaan nederlandse onderzoekers behulp kunstmatige intelligentie ai methaanlekken beter opsporen dichten lekken helpt strijd klimaatverandering toe maakten knmi', 'wolkencamera voorkomen elke minuut krijgt nederland z zonnepanelen stroomnetwerk piept kraakt ervan uitvoering klimaatakkoord beginnen daarom houdt wilfried sark vandaag opvallend pleidooi benoeming h', 'klimaat weer beter voorspellen hulp ai samenwerking ibm nasa samenwerking ibm nasa weersomstandigheden klimaatverandering verder tevoren beter voorspellen hopen technologiebedrijf ibm amerikaanse ruim']"
76,14,smartphone_lens_telefoon_wouter,"['smartphone', 'lens', 'telefoon', 'wouter', 'mobieltjes', 'google', 'pixel', 'leerlingen', 'iphone', 'verbod']","['hannah binsbergen dichter nooit smartphone aangeschaft technische snufjes sowieso interesse denk ouderen vinden techniek weten daarnaast vind ongemakkelijk we steed technologie leven waarvan we idee w', 'mobieltje verbieden nee juist verplichten docent geschiedenis fiddelaar pleit verbod mobieltjes klas opinie maart leiden leerlingen af lessen gaan slechter concentratie vermindert gezonde integratie m', 'slimme telefoon reddend hulpmiddel decennium geleden mobiele telefoon intrede deed gezien inderdaad mobiele versie vaste telefoon inmiddels bellen laatste dingen mobieltje doet apparaat geworden naast']"
77,14,hawking_andringa_wilczek_natuurkunde,"['hawking', 'andringa', 'wilczek', 'natuurkunde', 'boek', 'stephen', 'wetenschap', 'heelal', 'generalisten', 'zwarte']","['men patroonzoekend dier moderne wetenschap geboren natuurkunde zeventiende eeuw europa bloei kwam zin zitten drie onwaarheden wortels moderne wetenschap gaan verder terug zeventiende eeuw strekken ver', 'logisch einde column wetten universum bepaalden stephen hawking natuurkundige oneindig geloof logische verklaring woensdag maart overleed god toeval logica zorgde ervoor gedurende leven uitgroeide ber', 'docent denken hielp complottheorieën studenten university college groningen noemen gewoon voornaam kijken flink herinnert hanne oldenhof goed slimme kritische man zeker begin indruk wetenschappelijke ']"
82,13,huawei_universiteiten_chinese_samenwerking,"['huawei', 'universiteiten', 'chinese', 'samenwerking', 'harmelen', 'instituten', 'china', 'confucius', 'wetenschappers', 'vu']","['we spioneren toekomst interview michael yang chinese thee ontvangst michael yang huaweis nieuwe hoofdkantoor rijswijk hartelijk hoeveel licht binnen komt enorm verschil vorige pand corona onderkomen w', 'we mogen huawei publiceren frank harmelen hoogleraar kunstmatige intelligentie frank harmelen chinese techbedrijf huawei gaat amsterdamse universiteiten helpen onderzoek hoogleraar frank harmelen legt', 'onderzoeksgeld eu huawei chinese telecomconcern huawei krijgt hoewel diverse europese landen zaken mag meerdere onderzoeksprojecten geld europese unie schrijft financial time huawei krijgt elf project']"
81,13,bussche_podcast_podcasts_rogan,"['bussche', 'podcast', 'podcasts', 'rogan', 'den', 'spotify', 'kwebbelkop', 'jordi', 'youtube', 'strengholt']","['reacties podcast maken doe ikea favoriete podcasts up with sam harris intellectueel diept gedurende gemiddeld twee uur stuk onderwerp kunstmatige intelligentie opwarming aarde politiek nihilisme chaos', 'iedereen luistert pandemie luisterboeken pandemie ergens goed ieder geval luisterboek aanwas titels nederlandse taalgebied nooit groot drieduizend vlaamse markt kreeg eigen edities komend jaar zullen ', 'podcast onzichtbare krachten bewegen daarover gaat podcast invisibilia amerikaanse omroep npr klinkt misschien zweverig geenszins wetenschappelijk onderbouwd persoonlijke verhalen uitgangspunt onderzo']"
80,13,krant_dpg_kranten_nieuws,"['krant', 'dpg', 'kranten', 'nieuws', 'lezers', 'thillo', 'bild', 'guardian', 'oktober', 'medium']","['nepnieuws bestrijden laat computer ideeën grens nepnieuws europese unie belaste task force east stratcom geheten beet eerder jaar tanden stuk moest terugkrabbelen beschuldigingen adres nederlandse med', 'schiet mee recensies voortaan slimme software geschreven column wijlen simon carmiggelt citeren tijd babbeltjes schreef november uiterst hardhandige wijze hongaarse opstand neersloeg toevallig dezer d', 'geachte redactie wanneer publiceert grensoverschrijdend gedrag wereld draait no studio sport weinig ruimte relativering terecht wanneer rapporteert grensoverschrijdend gedrag minister wiersma onderwij']"
79,13,chip_asml_intel_europa,"['chip', 'asml', 'intel', 'europa', 'europese', 'fabriek', 'nauta', 'wennink', 'asmi', 'miljard']","['uitvindersduo krijgt publieksprijs personalia nederlandse uitvindersduo erik loopstra vadim banine krijgt meeste publieksstemmen european inventor award publieksprijs loopstra banine nederlandse fabri', 'intel leidende rol europa miljard machine asml maken nieuwste generatie chip ierland miljard machine asml maken nieuwste generatie chip ierland chipreus intel vrijdag nieuwe grote fabriekshal enorme t', 'asml elder chipmachinefabrikant komt recordcijfers waarschuwt politiek den haag chipmachinefabrikant komt recordcijfers waarschuwt politiek den haag asml rekent komende jaren verdere explosieve groei ']"
78,13,biesheuvel_ema_woerdt_nederland,"['biesheuvel', 'ema', 'woerdt', 'nederland', 'wehkamp', 'ramakers', 'gamecongres', 'unilever', 'ondernemers', 'indigo']","['philip gezakt stresstest topman roy jakobs verwacht jaar eerste schikkingen topman roy jakobs verwacht jaar eerste schikkingen oktober philip aangetreden ceo roy jakobs zette direct me banen kondigde ', 'kort snelle opvolging nieuwe voorzitter zuivelreus zuivelcoöperatie frieslandcampina sybren attema benoemen nieuwe voorzitter beoogde opvolger erwin wunnekink paar maanden benoeming vertrok vanwege on', 'nederlandse keerpunt gamecongres nederlandse staat keerpunt zeggen gamecongres indigo reportage gamecongres nederlandse gamecongres indigo voelt anders jaren alleen zalen groter lijkt begrip hard groe']"
83,12,amazon_bezos_platform_jeff,"['amazon', 'bezos', 'platform', 'jeff', 'anthropic', 'duitsland', 'werknemers', 'vogels', 'alexa', 'choudary']","['dagelijkse boodschappen amazon amazon winkel waar kunt krijgen boeken bananen videodienst vlinderdas droom oprichter jeff bezos amerikaanse president donald trump tweet haalde gisteren internetgigant ', 'star woonkamer boekverkopen vormen fractie omzet amazon s werelds grootste online winkel dronebezorging film robot amazon dringt steed diensten huiskamer binnen oprichter jeff bezos maniakale star jar', 'big tech stapt zorg overname pillpack amazon veroorzaakt schokgolf wouter bergen amsterdam aangekondigde overname pillpack amazon zorgde donderdag schok zorgmarkten verenigde staten volledig frontale ']"
84,12,bamps_data_source_onze,"['bamps', 'data', 'source', 'onze', 'roman', 'koenig', 'we', 'meta', 'open', 'russell']","['technologie brengt nieuw moreel evenwicht david bamps interview onze samenleving auto dashboard we zien auto precies doet rijden we hoge snelheid voort tijd we instrumenten krijgen vertellen gebeurt m', 'hoop data boven hoofd wereld technologie draf vandoor gaat menselijk tekort oftewel we greep houden vooruitgang draait nieuwe roman maxim februari boek tal zware vragen oproept licht gaten hebt komt t', 'prominenten bezorgd snelle ontwikkelingen ai vragen petitie haagse bemoeienis alleen duidelijke voorwaarden mogelijk grip krijgen ai waarvan ontwikkeling volledig bepaald big tech stellen opstellers o']"
85,12,twitter_musk_nepaccounts_tweet,"['twitter', 'musk', 'nepaccounts', 'tweet', 'mastodon', 'account', 'socialemediabedrijven', 'elon', 'medium', 'gebruikers']","['mastodon kent ophef zoals twitter ondanks enorme chaos elon musk afgelopen weken twitter veroorzaakt positiefs voortgekomen overname bedrijf eindelijk serieus maatschappelijk debat gevoerd vraag socia', 'twitter stelt limieten gebruikers vast twitter zaterdagavond aantal veranderingen doorgevoerd gebruikers platform volgens elon musk gaat tijdelijke noodmaatregelen grootschalige dataverzameling gaan w', 'musk maakt zooitje onze overheid tussenkomst twitter berichten verwijderen onze overheid tussenkomst twitter berichten elon musk maakte afgelopen weekend weer opvallende bokkensprong twitteraars beper']"
86,12,god_ai_blok_broersen,"['god', 'ai', 'blok', 'broersen', 'harari', 'men', 'we', 'bostrom', 'goddelijke', 'mensen']","['bedreigt kunstmatige intelligentie godsbeeld theologisch elftal begin woord zegt bijbel johannes volgens christendom stand gekomen woord god daarmee woord rede beschouwd goddelijke oorsprong men ratio', 'paus leert monnik ai onfeilbaar alwetend daarom laat paus franciscus informeren kunstmatige intelligentie ai kenner uiteraard naam paolo benanti gespecialiseerd techniek kunstmatige intelligentie én e', 'men speciaal god ai superwezen voortbrengt yusuf celik interview kunstmatige imam via preekt bedevaart mekka digitale universe robot fatwa produceert welke gevolgen nieuwe technologische ontwikkelinge']"
87,12,youtube_video_filmpjes_facebook,"['youtube', 'video', 'filmpjes', 'facebook', 'tang', 'hoven', 'inhoud', 'kinderen', 'moderator', 'platformen']","['youtube grijpt mountain view youtube afgelopen dagen ingegrepen pedofielen reacties plaatsten onschuldige filmpjes bijvoorbeeld sportende kinderen vierhonderd kanalen verwijderd vanwege plaatsen ongep', 'youtube labelt september youtube test middel desinformatie gaan platform detecteert automatisch onderwerpen waarover onjuistheden ronde biedt hierbij stukjes kloppende informatie alleen labelde systee', 'nieuws youtube test middel desinformatie gaan platform detecteert automatisch onderwerpen waarover onjuistheden ronde biedt hierbij stukjes informatie alleen labelde systeem livestreams notre dame par']"
88,11,online_unless_concept_klanten,"['online', 'unless', 'concept', 'klanten', 'prevoo', 'wappzapp', 'klant', 'nagtegaal', 'ezrachi', 'veelbelovend']","['online gaat winkelstraat nooit dicht verslavend men zwak kiest graag gemak marketeers weten spelen eigenschappen maakt vooral consumenten online winkelen kwetsbaar zelfs verslaafd schrijft sociale cha', 'website afstemmen bezoeker doorbreker sander nagtegaal unless gabi ouwerkerk amsterdam internet meeste bedrijven onmisbaar website verre efficiënt oorzaak ligt volgens amsterdamse startup unless onper', 'online oogtest opkomst grensverlegger easee verwacht weerstand frankrijk jessica numann amsterdam willen we tegenwoordig online regelen bijvoorbeeld nauwkeurige oogmeting haalbaar ondernemer yves prev']"
89,10,aardbevingen_hooper_aardbeving_vulkanen,"['aardbevingen', 'hooper', 'aardbeving', 'vulkanen', 'johnson', 'voorspellen', 'extreem', 'vulkaan', 'model', 'aardplaten']","['lezersreacties tof krant nieuws mei aandacht besteedt scientist rebellion gebeurt laatste pagina wrangs tekst zit echt naast we stevenen alleen klimaatactivisten af catastrofe conclusie steed indringe', 'smartphone potentiële gamechanger bevingen stel weervrouw staat kaart turkije syrië kondigt twee dagen flinke aardbeving aankomt we aardbevingen konden voorspellen zoals hoosbuien hadden tienduizenden', 'data levensbelang ramp linksboven kaart pagina rechts stuwmeer malawi zien dam doorbreken staat vele stuwdammen zuidelijk afrika dreigen bezwijken sind cycloon idai extreem zware regenval bracht kaart']"
90,10,universiteiten_spionage_chinese_hikvision,"['universiteiten', 'spionage', 'chinese', 'hikvision', 'loket', 'diercks', 'nctv', 'kennis', 'mivd', 'samenwerkingen']","['laat nederland speelbal minister generaals praten veiligheidsconferentie münchen weinig tank schepen vliegtuigen data netwerken technologie marietje schaake verbonden stanford university californië pr', 'gevaar oosten wantrouwen russische chinese technologie techbedrijven rusland china liggen vuur techniek oosten rukt angst spionage groeit terwijl kabinet werkt verzetten verdachte bedrijven hand tand ', 'universiteit beter gevaren onderzoek zien interview gijs diercks onderzoeker nederlandse universiteiten praten ministerie onderwijs regels rond wetenschap nationale veiligheid universiteit kyoto neemt']"
